PORT	FIRST_CELL_TYPE	FIRST_CELL_INSTANCE	STATUS
BW_MODE_I	APR_CDM	APR_CDM_0	MULTI_LOAD(2)
BW_MODE_I	CLKBUFX8AS9	C_0__IOBUF	MULTI_LOAD(2)
CSCL_I	APR_CDM	APR_CDM_3	MULTI_LOAD(2)
CSCL_I	CLKBUFX8AS9	C_3__IOBUF	MULTI_LOAD(2)
CSDA_I	APR_CDM	APR_CDM_4	MULTI_LOAD(2)
CSDA_I	CLKBUFX8AS9	C_4__IOBUF	MULTI_LOAD(2)
DPSEL_I	APR_CDM	APR_CDM_5	MULTI_LOAD(2)
DPSEL_I	CLKBUFX8AS9	C_5__IOBUF	MULTI_LOAD(2)
LITEST_I	APR_CDM	APR_CDM_6	MULTI_LOAD(2)
LITEST_I	CLKBUFX8AS9	C_6__IOBUF	MULTI_LOAD(2)
OSC_CLK_I	APR_CDM	APR_CDM_7	MULTI_LOAD(2)
OSC_CLK_I	CLKBUFX8AS9	C_7__IOBUF	MULTI_LOAD(2)
PON_OPT_I	APR_CDM	APR_CDM_2	MULTI_LOAD(2)
PON_OPT_I	CLKBUFX8AS9	C_2__IOBUF	MULTI_LOAD(2)
WAKE_I	APR_CDM	APR_CDM_1	MULTI_LOAD(2)
WAKE_I	CLKBUFX8AS9	C_1__IOBUF	MULTI_LOAD(2)
XPONRST_I	APR_CDM	APR_CDM_9	MULTI_LOAD(2)
XPONRST_I	CLKBUFX8AS9	C_9__IOBUF	MULTI_LOAD(2)
XRST_I	APR_CDM	APR_CDM_8	MULTI_LOAD(2)
XRST_I	CLKBUFX8AS9	C_8__IOBUF	MULTI_LOAD(2)
clk_lane_L0	APR_CDM	APR_CDM_10	MULTI_LOAD(2)
clk_lane_L0	CLKBUFX8AS9	C_10__IOBUF	MULTI_LOAD(2)
clk_lane_L1	APR_CDM	APR_CDM_11	MULTI_LOAD(2)
clk_lane_L1	CLKBUFX8AS9	C_11__IOBUF	MULTI_LOAD(2)
clk_lane_od_L0	APR_CDM	APR_CDM_12	MULTI_LOAD(2)
clk_lane_od_L0	CLKBUFX8AS9	C_12__IOBUF	MULTI_LOAD(2)
clk_lane_od_L1	APR_CDM	APR_CDM_13	MULTI_LOAD(2)
clk_lane_od_L1	CLKBUFX8AS9	C_13__IOBUF	MULTI_LOAD(2)
cr_done_lane_L0	APR_CDM	APR_CDM_14	MULTI_LOAD(2)
cr_done_lane_L0	CLKBUFX8AS9	C_14__IOBUF	MULTI_LOAD(2)
cr_done_lane_L1	APR_CDM	APR_CDM_15	MULTI_LOAD(2)
cr_done_lane_L1	CLKBUFX8AS9	C_15__IOBUF	MULTI_LOAD(2)
dout_lane_L0[0]	APR_CDM	APR_CDM_33	MULTI_LOAD(2)
dout_lane_L0[0]	CLKBUFX8AS9	C_33__IOBUF	MULTI_LOAD(2)
dout_lane_L0[10]	APR_CDM	APR_CDM_23	MULTI_LOAD(2)
dout_lane_L0[10]	CLKBUFX8AS9	C_23__IOBUF	MULTI_LOAD(2)
dout_lane_L0[11]	APR_CDM	APR_CDM_22	MULTI_LOAD(2)
dout_lane_L0[11]	CLKBUFX8AS9	C_22__IOBUF	MULTI_LOAD(2)
dout_lane_L0[12]	APR_CDM	APR_CDM_21	MULTI_LOAD(2)
dout_lane_L0[12]	CLKBUFX8AS9	C_21__IOBUF	MULTI_LOAD(2)
dout_lane_L0[13]	APR_CDM	APR_CDM_20	MULTI_LOAD(2)
dout_lane_L0[13]	CLKBUFX8AS9	C_20__IOBUF	MULTI_LOAD(2)
dout_lane_L0[14]	APR_CDM	APR_CDM_19	MULTI_LOAD(2)
dout_lane_L0[14]	CLKBUFX8AS9	C_19__IOBUF	MULTI_LOAD(2)
dout_lane_L0[15]	APR_CDM	APR_CDM_18	MULTI_LOAD(2)
dout_lane_L0[15]	CLKBUFX8AS9	C_18__IOBUF	MULTI_LOAD(2)
dout_lane_L0[16]	APR_CDM	APR_CDM_17	MULTI_LOAD(2)
dout_lane_L0[16]	CLKBUFX8AS9	C_17__IOBUF	MULTI_LOAD(2)
dout_lane_L0[17]	APR_CDM	APR_CDM_16	MULTI_LOAD(2)
dout_lane_L0[17]	CLKBUFX8AS9	C_16__IOBUF	MULTI_LOAD(2)
dout_lane_L0[1]	APR_CDM	APR_CDM_32	MULTI_LOAD(2)
dout_lane_L0[1]	CLKBUFX8AS9	C_32__IOBUF	MULTI_LOAD(2)
dout_lane_L0[2]	APR_CDM	APR_CDM_31	MULTI_LOAD(2)
dout_lane_L0[2]	CLKBUFX8AS9	C_31__IOBUF	MULTI_LOAD(2)
dout_lane_L0[3]	APR_CDM	APR_CDM_30	MULTI_LOAD(2)
dout_lane_L0[3]	CLKBUFX8AS9	C_30__IOBUF	MULTI_LOAD(2)
dout_lane_L0[4]	APR_CDM	APR_CDM_29	MULTI_LOAD(2)
dout_lane_L0[4]	CLKBUFX8AS9	C_29__IOBUF	MULTI_LOAD(2)
dout_lane_L0[5]	APR_CDM	APR_CDM_28	MULTI_LOAD(2)
dout_lane_L0[5]	CLKBUFX8AS9	C_28__IOBUF	MULTI_LOAD(2)
dout_lane_L0[6]	APR_CDM	APR_CDM_27	MULTI_LOAD(2)
dout_lane_L0[6]	CLKBUFX8AS9	C_27__IOBUF	MULTI_LOAD(2)
dout_lane_L0[7]	APR_CDM	APR_CDM_26	MULTI_LOAD(2)
dout_lane_L0[7]	CLKBUFX8AS9	C_26__IOBUF	MULTI_LOAD(2)
dout_lane_L0[8]	APR_CDM	APR_CDM_25	MULTI_LOAD(2)
dout_lane_L0[8]	CLKBUFX8AS9	C_25__IOBUF	MULTI_LOAD(2)
dout_lane_L0[9]	APR_CDM	APR_CDM_24	MULTI_LOAD(2)
dout_lane_L0[9]	CLKBUFX8AS9	C_24__IOBUF	MULTI_LOAD(2)
dout_lane_L1[0]	APR_CDM	APR_CDM_51	MULTI_LOAD(2)
dout_lane_L1[0]	CLKBUFX8AS9	C_51__IOBUF	MULTI_LOAD(2)
dout_lane_L1[10]	APR_CDM	APR_CDM_41	MULTI_LOAD(2)
dout_lane_L1[10]	CLKBUFX8AS9	C_41__IOBUF	MULTI_LOAD(2)
dout_lane_L1[11]	APR_CDM	APR_CDM_40	MULTI_LOAD(2)
dout_lane_L1[11]	CLKBUFX8AS9	C_40__IOBUF	MULTI_LOAD(2)
dout_lane_L1[12]	APR_CDM	APR_CDM_39	MULTI_LOAD(2)
dout_lane_L1[12]	CLKBUFX8AS9	C_39__IOBUF	MULTI_LOAD(2)
dout_lane_L1[13]	APR_CDM	APR_CDM_38	MULTI_LOAD(2)
dout_lane_L1[13]	CLKBUFX8AS9	C_38__IOBUF	MULTI_LOAD(2)
dout_lane_L1[14]	APR_CDM	APR_CDM_37	MULTI_LOAD(2)
dout_lane_L1[14]	CLKBUFX8AS9	C_37__IOBUF	MULTI_LOAD(2)
dout_lane_L1[15]	APR_CDM	APR_CDM_36	MULTI_LOAD(2)
dout_lane_L1[15]	CLKBUFX8AS9	C_36__IOBUF	MULTI_LOAD(2)
dout_lane_L1[16]	APR_CDM	APR_CDM_35	MULTI_LOAD(2)
dout_lane_L1[16]	CLKBUFX8AS9	C_35__IOBUF	MULTI_LOAD(2)
dout_lane_L1[17]	APR_CDM	APR_CDM_34	MULTI_LOAD(2)
dout_lane_L1[17]	CLKBUFX8AS9	C_34__IOBUF	MULTI_LOAD(2)
dout_lane_L1[1]	APR_CDM	APR_CDM_50	MULTI_LOAD(2)
dout_lane_L1[1]	CLKBUFX8AS9	C_50__IOBUF	MULTI_LOAD(2)
dout_lane_L1[2]	APR_CDM	APR_CDM_49	MULTI_LOAD(2)
dout_lane_L1[2]	CLKBUFX8AS9	C_49__IOBUF	MULTI_LOAD(2)
dout_lane_L1[3]	APR_CDM	APR_CDM_48	MULTI_LOAD(2)
dout_lane_L1[3]	CLKBUFX8AS9	C_48__IOBUF	MULTI_LOAD(2)
dout_lane_L1[4]	APR_CDM	APR_CDM_47	MULTI_LOAD(2)
dout_lane_L1[4]	CLKBUFX8AS9	C_47__IOBUF	MULTI_LOAD(2)
dout_lane_L1[5]	APR_CDM	APR_CDM_46	MULTI_LOAD(2)
dout_lane_L1[5]	CLKBUFX8AS9	C_46__IOBUF	MULTI_LOAD(2)
dout_lane_L1[6]	APR_CDM	APR_CDM_45	MULTI_LOAD(2)
dout_lane_L1[6]	CLKBUFX8AS9	C_45__IOBUF	MULTI_LOAD(2)
dout_lane_L1[7]	APR_CDM	APR_CDM_44	MULTI_LOAD(2)
dout_lane_L1[7]	CLKBUFX8AS9	C_44__IOBUF	MULTI_LOAD(2)
dout_lane_L1[8]	APR_CDM	APR_CDM_43	MULTI_LOAD(2)
dout_lane_L1[8]	CLKBUFX8AS9	C_43__IOBUF	MULTI_LOAD(2)
dout_lane_L1[9]	APR_CDM	APR_CDM_42	MULTI_LOAD(2)
dout_lane_L1[9]	CLKBUFX8AS9	C_42__IOBUF	MULTI_LOAD(2)
