PORT	LAST_CELL_TYPE	LAST_CELL_INSTANCE	STATUS
BGR_SEL[0]	CLKBUFX8AS9	C_57__IOBUF	OK
BGR_SEL[1]	CLKBUFX8AS9	C_56__IOBUF	OK
BGR_SEL[2]	CLKBUFX8AS9	C_55__IOBUF	OK
BGR_SEL[3]	CLKBUFX8AS9	C_54__IOBUF	OK
BGR_TRIM[0]	CLKBUFX8AS9	C_60__IOBUF	OK
BGR_TRIM[1]	CLKBUFX8AS9	C_59__IOBUF	OK
BGR_TRIM[2]	CLKBUFX8AS9	C_58__IOBUF	OK
CHSEL_L[0]	CLKBUFX8AS9	C_63__IOBUF	OK
CHSEL_L[1]	CLKBUFX8AS9	C_62__IOBUF	OK
CHSEL_L[2]	CLKBUFX8AS9	C_61__IOBUF	OK
CHSEL_R[0]	CLKBUFX8AS9	C_66__IOBUF	OK
CHSEL_R[1]	CLKBUFX8AS9	C_65__IOBUF	OK
CHSEL_R[2]	CLKBUFX8AS9	C_64__IOBUF	OK
CLKA_L	CLKBUFX8AS9	C_67__IOBUF	OK
CLKA_R	CLKBUFX8AS9	C_68__IOBUF	OK
CLKB_L	CLKBUFX8AS9	C_69__IOBUF	OK
CLKB_R	CLKBUFX8AS9	C_70__IOBUF	OK
CS_AGND	CLKBUFX8AS9	C_87__IOBUF	OK
CS_HVDDA	CLKBUFX8AS9	C_88__IOBUF	OK
DBC	CLKBUFX8AS9	C_374__IOBUF	OK
DBCO_DRV[0]	CLKBUFX8AS9	C_376__IOBUF	OK
DBCO_DRV[1]	CLKBUFX8AS9	C_375__IOBUF	OK
DBL0[0]	CLKBUFX8AS9	C_267__IOBUF	OK
DBL0[1]	CLKBUFX8AS9	C_266__IOBUF	OK
DBL0[2]	CLKBUFX8AS9	C_265__IOBUF	OK
DBL0[3]	CLKBUFX8AS9	C_264__IOBUF	OK
DBL0[4]	CLKBUFX8AS9	C_263__IOBUF	OK
DBL0[5]	CLKBUFX8AS9	C_262__IOBUF	OK
DBL0[6]	CLKBUFX8AS9	C_261__IOBUF	OK
DBL0[7]	CLKBUFX8AS9	C_260__IOBUF	OK
DBL1[0]	CLKBUFX8AS9	C_275__IOBUF	OK
DBL1[1]	CLKBUFX8AS9	C_274__IOBUF	OK
DBL1[2]	CLKBUFX8AS9	C_273__IOBUF	OK
DBL1[3]	CLKBUFX8AS9	C_272__IOBUF	OK
DBL1[4]	CLKBUFX8AS9	C_271__IOBUF	OK
DBL1[5]	CLKBUFX8AS9	C_270__IOBUF	OK
DBL1[6]	CLKBUFX8AS9	C_269__IOBUF	OK
DBL1[7]	CLKBUFX8AS9	C_268__IOBUF	OK
DBL2[0]	CLKBUFX8AS9	C_283__IOBUF	OK
DBL2[1]	CLKBUFX8AS9	C_282__IOBUF	OK
DBL2[2]	CLKBUFX8AS9	C_281__IOBUF	OK
DBL2[3]	CLKBUFX8AS9	C_280__IOBUF	OK
DBL2[4]	CLKBUFX8AS9	C_279__IOBUF	OK
DBL2[5]	CLKBUFX8AS9	C_278__IOBUF	OK
DBL2[6]	CLKBUFX8AS9	C_277__IOBUF	OK
DBL2[7]	CLKBUFX8AS9	C_276__IOBUF	OK
DBL3[0]	CLKBUFX8AS9	C_291__IOBUF	OK
DBL3[1]	CLKBUFX8AS9	C_290__IOBUF	OK
DBL3[2]	CLKBUFX8AS9	C_289__IOBUF	OK
DBL3[3]	CLKBUFX8AS9	C_288__IOBUF	OK
DBL3[4]	CLKBUFX8AS9	C_287__IOBUF	OK
DBL3[5]	CLKBUFX8AS9	C_286__IOBUF	OK
DBL3[6]	CLKBUFX8AS9	C_285__IOBUF	OK
DBL3[7]	CLKBUFX8AS9	C_284__IOBUF	OK
DBL4[0]	CLKBUFX8AS9	C_299__IOBUF	OK
DBL4[1]	CLKBUFX8AS9	C_298__IOBUF	OK
DBL4[2]	CLKBUFX8AS9	C_297__IOBUF	OK
DBL4[3]	CLKBUFX8AS9	C_296__IOBUF	OK
DBL4[4]	CLKBUFX8AS9	C_295__IOBUF	OK
DBL4[5]	CLKBUFX8AS9	C_294__IOBUF	OK
DBL4[6]	CLKBUFX8AS9	C_293__IOBUF	OK
DBL4[7]	CLKBUFX8AS9	C_292__IOBUF	OK
DBL5[0]	CLKBUFX8AS9	C_307__IOBUF	OK
DBL5[1]	CLKBUFX8AS9	C_306__IOBUF	OK
DBL5[2]	CLKBUFX8AS9	C_305__IOBUF	OK
DBL5[3]	CLKBUFX8AS9	C_304__IOBUF	OK
DBL5[4]	CLKBUFX8AS9	C_303__IOBUF	OK
DBL5[5]	CLKBUFX8AS9	C_302__IOBUF	OK
DBL5[6]	CLKBUFX8AS9	C_301__IOBUF	OK
DBL5[7]	CLKBUFX8AS9	C_300__IOBUF	OK
DBR0[0]	CLKBUFX8AS9	C_315__IOBUF	OK
DBR0[1]	CLKBUFX8AS9	C_314__IOBUF	OK
DBR0[2]	CLKBUFX8AS9	C_313__IOBUF	OK
DBR0[3]	CLKBUFX8AS9	C_312__IOBUF	OK
DBR0[4]	CLKBUFX8AS9	C_311__IOBUF	OK
DBR0[5]	CLKBUFX8AS9	C_310__IOBUF	OK
DBR0[6]	CLKBUFX8AS9	C_309__IOBUF	OK
DBR0[7]	CLKBUFX8AS9	C_308__IOBUF	OK
DBR1[0]	CLKBUFX8AS9	C_323__IOBUF	OK
DBR1[1]	CLKBUFX8AS9	C_322__IOBUF	OK
DBR1[2]	CLKBUFX8AS9	C_321__IOBUF	OK
DBR1[3]	CLKBUFX8AS9	C_320__IOBUF	OK
DBR1[4]	CLKBUFX8AS9	C_319__IOBUF	OK
DBR1[5]	CLKBUFX8AS9	C_318__IOBUF	OK
DBR1[6]	CLKBUFX8AS9	C_317__IOBUF	OK
DBR1[7]	CLKBUFX8AS9	C_316__IOBUF	OK
DBR2[0]	CLKBUFX8AS9	C_331__IOBUF	OK
DBR2[1]	CLKBUFX8AS9	C_330__IOBUF	OK
DBR2[2]	CLKBUFX8AS9	C_329__IOBUF	OK
DBR2[3]	CLKBUFX8AS9	C_328__IOBUF	OK
DBR2[4]	CLKBUFX8AS9	C_327__IOBUF	OK
DBR2[5]	CLKBUFX8AS9	C_326__IOBUF	OK
DBR2[6]	CLKBUFX8AS9	C_325__IOBUF	OK
DBR2[7]	CLKBUFX8AS9	C_324__IOBUF	OK
DBR3[0]	CLKBUFX8AS9	C_339__IOBUF	OK
DBR3[1]	CLKBUFX8AS9	C_338__IOBUF	OK
DBR3[2]	CLKBUFX8AS9	C_337__IOBUF	OK
DBR3[3]	CLKBUFX8AS9	C_336__IOBUF	OK
DBR3[4]	CLKBUFX8AS9	C_335__IOBUF	OK
DBR3[5]	CLKBUFX8AS9	C_334__IOBUF	OK
DBR3[6]	CLKBUFX8AS9	C_333__IOBUF	OK
DBR3[7]	CLKBUFX8AS9	C_332__IOBUF	OK
DBR4[0]	CLKBUFX8AS9	C_347__IOBUF	OK
DBR4[1]	CLKBUFX8AS9	C_346__IOBUF	OK
DBR4[2]	CLKBUFX8AS9	C_345__IOBUF	OK
DBR4[3]	CLKBUFX8AS9	C_344__IOBUF	OK
DBR4[4]	CLKBUFX8AS9	C_343__IOBUF	OK
DBR4[5]	CLKBUFX8AS9	C_342__IOBUF	OK
DBR4[6]	CLKBUFX8AS9	C_341__IOBUF	OK
DBR4[7]	CLKBUFX8AS9	C_340__IOBUF	OK
DBR5[0]	CLKBUFX8AS9	C_355__IOBUF	OK
DBR5[1]	CLKBUFX8AS9	C_354__IOBUF	OK
DBR5[2]	CLKBUFX8AS9	C_353__IOBUF	OK
DBR5[3]	CLKBUFX8AS9	C_352__IOBUF	OK
DBR5[4]	CLKBUFX8AS9	C_351__IOBUF	OK
DBR5[5]	CLKBUFX8AS9	C_350__IOBUF	OK
DBR5[6]	CLKBUFX8AS9	C_349__IOBUF	OK
DBR5[7]	CLKBUFX8AS9	C_348__IOBUF	OK
DCBIAS_CHOP[0]	CLKBUFX8AS9	C_359__IOBUF	OK
DCBIAS_CHOP[1]	CLKBUFX8AS9	C_358__IOBUF	OK
DCBIAS_CHOP[2]	CLKBUFX8AS9	C_357__IOBUF	OK
DCBIAS_CHOP[3]	CLKBUFX8AS9	C_356__IOBUF	OK
DCBIAS_TOT[0]	CLKBUFX8AS9	C_361__IOBUF	OK
DCBIAS_TOT[1]	CLKBUFX8AS9	C_360__IOBUF	OK
DC_MON_SEL[0]	CLKBUFX8AS9	C_363__IOBUF	OK
DC_MON_SEL[1]	CLKBUFX8AS9	C_362__IOBUF	OK
DRA_CHOP	CLKBUFX8AS9	C_364__IOBUF	OK
DRA_CS	CLKBUFX8AS9	C_365__IOBUF	OK
DTESTO_IN	CLKBUFX8AS9	C_447__IOBUF	OK
ENL_GAP1	CLKBUFX8AS9	C_366__IOBUF	OK
ENL_GAP2	CLKBUFX8AS9	C_368__IOBUF	OK
ENR_GAP1	CLKBUFX8AS9	C_367__IOBUF	OK
ENR_GAP2	CLKBUFX8AS9	C_369__IOBUF	OK
FSHIFT_L	CLKBUFX8AS9	C_370__IOBUF	OK
FSHIFT_R	CLKBUFX8AS9	C_371__IOBUF	OK
GCHOP_1ST	CLKBUFX8AS9	C_372__IOBUF	OK
GCHOP_2ND	CLKBUFX8AS9	C_373__IOBUF	OK
H120V	CLKBUFX8AS9	C_52__IOBUF	OK
HN_VBN1[0]	CLKBUFX8AS9	C_72__IOBUF	OK
HN_VBN1[1]	CLKBUFX8AS9	C_71__IOBUF	OK
HN_VBN2[0]	CLKBUFX8AS9	C_74__IOBUF	OK
HN_VBN2[1]	CLKBUFX8AS9	C_73__IOBUF	OK
HN_VBP1[0]	CLKBUFX8AS9	C_76__IOBUF	OK
HN_VBP1[1]	CLKBUFX8AS9	C_75__IOBUF	OK
HN_VBP2[0]	CLKBUFX8AS9	C_78__IOBUF	OK
HN_VBP2[1]	CLKBUFX8AS9	C_77__IOBUF	OK
HP_VBN1[0]	CLKBUFX8AS9	C_80__IOBUF	OK
HP_VBN1[1]	CLKBUFX8AS9	C_79__IOBUF	OK
HP_VBN2[0]	CLKBUFX8AS9	C_82__IOBUF	OK
HP_VBN2[1]	CLKBUFX8AS9	C_81__IOBUF	OK
HP_VBP1[0]	CLKBUFX8AS9	C_84__IOBUF	OK
HP_VBP1[1]	CLKBUFX8AS9	C_83__IOBUF	OK
HP_VBP2[0]	CLKBUFX8AS9	C_86__IOBUF	OK
HP_VBP2[1]	CLKBUFX8AS9	C_85__IOBUF	OK
HSRE	CLKBUFX8AS9	C_394__IOBUF	OK
HSREF_N	CLKBUFX8AS9	C_398__IOBUF	OK
HSREF_P	CLKBUFX8AS9	C_396__IOBUF	OK
HSRER_N	CLKBUFX8AS9	C_397__IOBUF	OK
HSRER_P	CLKBUFX8AS9	C_395__IOBUF	OK
HSTR	CLKBUFX8AS9	C_399__IOBUF	OK
HVBP_SEPARATE	CLKBUFX8AS9	C_89__IOBUF	OK
I2C_SDA_OE	CLKBUFX8AS9	C_53__IOBUF	OK
IN_PD_ON_L	CLKBUFX8AS9	C_377__IOBUF	OK
IN_PD_ON_R	CLKBUFX8AS9	C_378__IOBUF	OK
LENB_L	CLKBUFX8AS9	C_379__IOBUF	OK
LENB_R	CLKBUFX8AS9	C_380__IOBUF	OK
LINK_ST_OE_L	CLKBUFX8AS9	C_385__IOBUF	OK
LINK_ST_OE_R	CLKBUFX8AS9	C_386__IOBUF	OK
LOD_EN_L	CLKBUFX8AS9	C_383__IOBUF	OK
LOD_EN_R	CLKBUFX8AS9	C_384__IOBUF	OK
LOD_L	CLKBUFX8AS9	C_381__IOBUF	OK
LOD_R	CLKBUFX8AS9	C_382__IOBUF	OK
MONO_E	CLKBUFX8AS9	C_239__IOBUF	OK
MON_DC_VOL[0]	CLKBUFX8AS9	C_389__IOBUF	OK
MON_DC_VOL[1]	CLKBUFX8AS9	C_388__IOBUF	OK
MON_DC_VOL[2]	CLKBUFX8AS9	C_387__IOBUF	OK
OVC_NEG[0]	CLKBUFX8AS9	C_393__IOBUF	OK
OVC_NEG[1]	CLKBUFX8AS9	C_392__IOBUF	OK
OVC_POS[0]	CLKBUFX8AS9	C_391__IOBUF	OK
OVC_POS[1]	CLKBUFX8AS9	C_390__IOBUF	OK
PD_GBIAS	CLKBUFX8AS9	C_401__IOBUF	OK
PD_GOP	CLKBUFX8AS9	C_402__IOBUF	OK
PGM_VGMA10[0]	CLKBUFX8AS9	C_174__IOBUF	OK
PGM_VGMA10[1]	CLKBUFX8AS9	C_173__IOBUF	OK
PGM_VGMA10[2]	CLKBUFX8AS9	C_172__IOBUF	OK
PGM_VGMA10[3]	CLKBUFX8AS9	C_171__IOBUF	OK
PGM_VGMA10[4]	CLKBUFX8AS9	C_170__IOBUF	OK
PGM_VGMA10[5]	CLKBUFX8AS9	C_169__IOBUF	OK
PGM_VGMA10[6]	CLKBUFX8AS9	C_168__IOBUF	OK
PGM_VGMA10[7]	CLKBUFX8AS9	C_167__IOBUF	OK
PGM_VGMA11[0]	CLKBUFX8AS9	C_182__IOBUF	OK
PGM_VGMA11[1]	CLKBUFX8AS9	C_181__IOBUF	OK
PGM_VGMA11[2]	CLKBUFX8AS9	C_180__IOBUF	OK
PGM_VGMA11[3]	CLKBUFX8AS9	C_179__IOBUF	OK
PGM_VGMA11[4]	CLKBUFX8AS9	C_178__IOBUF	OK
PGM_VGMA11[5]	CLKBUFX8AS9	C_177__IOBUF	OK
PGM_VGMA11[6]	CLKBUFX8AS9	C_176__IOBUF	OK
PGM_VGMA11[7]	CLKBUFX8AS9	C_175__IOBUF	OK
PGM_VGMA12[0]	CLKBUFX8AS9	C_190__IOBUF	OK
PGM_VGMA12[1]	CLKBUFX8AS9	C_189__IOBUF	OK
PGM_VGMA12[2]	CLKBUFX8AS9	C_188__IOBUF	OK
PGM_VGMA12[3]	CLKBUFX8AS9	C_187__IOBUF	OK
PGM_VGMA12[4]	CLKBUFX8AS9	C_186__IOBUF	OK
PGM_VGMA12[5]	CLKBUFX8AS9	C_185__IOBUF	OK
PGM_VGMA12[6]	CLKBUFX8AS9	C_184__IOBUF	OK
PGM_VGMA12[7]	CLKBUFX8AS9	C_183__IOBUF	OK
PGM_VGMA13[0]	CLKBUFX8AS9	C_198__IOBUF	OK
PGM_VGMA13[1]	CLKBUFX8AS9	C_197__IOBUF	OK
PGM_VGMA13[2]	CLKBUFX8AS9	C_196__IOBUF	OK
PGM_VGMA13[3]	CLKBUFX8AS9	C_195__IOBUF	OK
PGM_VGMA13[4]	CLKBUFX8AS9	C_194__IOBUF	OK
PGM_VGMA13[5]	CLKBUFX8AS9	C_193__IOBUF	OK
PGM_VGMA13[6]	CLKBUFX8AS9	C_192__IOBUF	OK
PGM_VGMA13[7]	CLKBUFX8AS9	C_191__IOBUF	OK
PGM_VGMA14[0]	CLKBUFX8AS9	C_206__IOBUF	OK
PGM_VGMA14[1]	CLKBUFX8AS9	C_205__IOBUF	OK
PGM_VGMA14[2]	CLKBUFX8AS9	C_204__IOBUF	OK
PGM_VGMA14[3]	CLKBUFX8AS9	C_203__IOBUF	OK
PGM_VGMA14[4]	CLKBUFX8AS9	C_202__IOBUF	OK
PGM_VGMA14[5]	CLKBUFX8AS9	C_201__IOBUF	OK
PGM_VGMA14[6]	CLKBUFX8AS9	C_200__IOBUF	OK
PGM_VGMA14[7]	CLKBUFX8AS9	C_199__IOBUF	OK
PGM_VGMA15[0]	CLKBUFX8AS9	C_214__IOBUF	OK
PGM_VGMA15[1]	CLKBUFX8AS9	C_213__IOBUF	OK
PGM_VGMA15[2]	CLKBUFX8AS9	C_212__IOBUF	OK
PGM_VGMA15[3]	CLKBUFX8AS9	C_211__IOBUF	OK
PGM_VGMA15[4]	CLKBUFX8AS9	C_210__IOBUF	OK
PGM_VGMA15[5]	CLKBUFX8AS9	C_209__IOBUF	OK
PGM_VGMA15[6]	CLKBUFX8AS9	C_208__IOBUF	OK
PGM_VGMA15[7]	CLKBUFX8AS9	C_207__IOBUF	OK
PGM_VGMA16[0]	CLKBUFX8AS9	C_222__IOBUF	OK
PGM_VGMA16[1]	CLKBUFX8AS9	C_221__IOBUF	OK
PGM_VGMA16[2]	CLKBUFX8AS9	C_220__IOBUF	OK
PGM_VGMA16[3]	CLKBUFX8AS9	C_219__IOBUF	OK
PGM_VGMA16[4]	CLKBUFX8AS9	C_218__IOBUF	OK
PGM_VGMA16[5]	CLKBUFX8AS9	C_217__IOBUF	OK
PGM_VGMA16[6]	CLKBUFX8AS9	C_216__IOBUF	OK
PGM_VGMA16[7]	CLKBUFX8AS9	C_215__IOBUF	OK
PGM_VGMA17[0]	CLKBUFX8AS9	C_230__IOBUF	OK
PGM_VGMA17[1]	CLKBUFX8AS9	C_229__IOBUF	OK
PGM_VGMA17[2]	CLKBUFX8AS9	C_228__IOBUF	OK
PGM_VGMA17[3]	CLKBUFX8AS9	C_227__IOBUF	OK
PGM_VGMA17[4]	CLKBUFX8AS9	C_226__IOBUF	OK
PGM_VGMA17[5]	CLKBUFX8AS9	C_225__IOBUF	OK
PGM_VGMA17[6]	CLKBUFX8AS9	C_224__IOBUF	OK
PGM_VGMA17[7]	CLKBUFX8AS9	C_223__IOBUF	OK
PGM_VGMA18[0]	CLKBUFX8AS9	C_238__IOBUF	OK
PGM_VGMA18[1]	CLKBUFX8AS9	C_237__IOBUF	OK
PGM_VGMA18[2]	CLKBUFX8AS9	C_236__IOBUF	OK
PGM_VGMA18[3]	CLKBUFX8AS9	C_235__IOBUF	OK
PGM_VGMA18[4]	CLKBUFX8AS9	C_234__IOBUF	OK
PGM_VGMA18[5]	CLKBUFX8AS9	C_233__IOBUF	OK
PGM_VGMA18[6]	CLKBUFX8AS9	C_232__IOBUF	OK
PGM_VGMA18[7]	CLKBUFX8AS9	C_231__IOBUF	OK
PGM_VGMA1[0]	CLKBUFX8AS9	C_102__IOBUF	OK
PGM_VGMA1[1]	CLKBUFX8AS9	C_101__IOBUF	OK
PGM_VGMA1[2]	CLKBUFX8AS9	C_100__IOBUF	OK
PGM_VGMA1[3]	CLKBUFX8AS9	C_99__IOBUF	OK
PGM_VGMA1[4]	CLKBUFX8AS9	C_98__IOBUF	OK
PGM_VGMA1[5]	CLKBUFX8AS9	C_97__IOBUF	OK
PGM_VGMA1[6]	CLKBUFX8AS9	C_96__IOBUF	OK
PGM_VGMA1[7]	CLKBUFX8AS9	C_95__IOBUF	OK
PGM_VGMA2[0]	CLKBUFX8AS9	C_110__IOBUF	OK
PGM_VGMA2[1]	CLKBUFX8AS9	C_109__IOBUF	OK
PGM_VGMA2[2]	CLKBUFX8AS9	C_108__IOBUF	OK
PGM_VGMA2[3]	CLKBUFX8AS9	C_107__IOBUF	OK
PGM_VGMA2[4]	CLKBUFX8AS9	C_106__IOBUF	OK
PGM_VGMA2[5]	CLKBUFX8AS9	C_105__IOBUF	OK
PGM_VGMA2[6]	CLKBUFX8AS9	C_104__IOBUF	OK
PGM_VGMA2[7]	CLKBUFX8AS9	C_103__IOBUF	OK
PGM_VGMA3[0]	CLKBUFX8AS9	C_118__IOBUF	OK
PGM_VGMA3[1]	CLKBUFX8AS9	C_117__IOBUF	OK
PGM_VGMA3[2]	CLKBUFX8AS9	C_116__IOBUF	OK
PGM_VGMA3[3]	CLKBUFX8AS9	C_115__IOBUF	OK
PGM_VGMA3[4]	CLKBUFX8AS9	C_114__IOBUF	OK
PGM_VGMA3[5]	CLKBUFX8AS9	C_113__IOBUF	OK
PGM_VGMA3[6]	CLKBUFX8AS9	C_112__IOBUF	OK
PGM_VGMA3[7]	CLKBUFX8AS9	C_111__IOBUF	OK
PGM_VGMA4[0]	CLKBUFX8AS9	C_126__IOBUF	OK
PGM_VGMA4[1]	CLKBUFX8AS9	C_125__IOBUF	OK
PGM_VGMA4[2]	CLKBUFX8AS9	C_124__IOBUF	OK
PGM_VGMA4[3]	CLKBUFX8AS9	C_123__IOBUF	OK
PGM_VGMA4[4]	CLKBUFX8AS9	C_122__IOBUF	OK
PGM_VGMA4[5]	CLKBUFX8AS9	C_121__IOBUF	OK
PGM_VGMA4[6]	CLKBUFX8AS9	C_120__IOBUF	OK
PGM_VGMA4[7]	CLKBUFX8AS9	C_119__IOBUF	OK
PGM_VGMA5[0]	CLKBUFX8AS9	C_134__IOBUF	OK
PGM_VGMA5[1]	CLKBUFX8AS9	C_133__IOBUF	OK
PGM_VGMA5[2]	CLKBUFX8AS9	C_132__IOBUF	OK
PGM_VGMA5[3]	CLKBUFX8AS9	C_131__IOBUF	OK
PGM_VGMA5[4]	CLKBUFX8AS9	C_130__IOBUF	OK
PGM_VGMA5[5]	CLKBUFX8AS9	C_129__IOBUF	OK
PGM_VGMA5[6]	CLKBUFX8AS9	C_128__IOBUF	OK
PGM_VGMA5[7]	CLKBUFX8AS9	C_127__IOBUF	OK
PGM_VGMA6[0]	CLKBUFX8AS9	C_142__IOBUF	OK
PGM_VGMA6[1]	CLKBUFX8AS9	C_141__IOBUF	OK
PGM_VGMA6[2]	CLKBUFX8AS9	C_140__IOBUF	OK
PGM_VGMA6[3]	CLKBUFX8AS9	C_139__IOBUF	OK
PGM_VGMA6[4]	CLKBUFX8AS9	C_138__IOBUF	OK
PGM_VGMA6[5]	CLKBUFX8AS9	C_137__IOBUF	OK
PGM_VGMA6[6]	CLKBUFX8AS9	C_136__IOBUF	OK
PGM_VGMA6[7]	CLKBUFX8AS9	C_135__IOBUF	OK
PGM_VGMA7[0]	CLKBUFX8AS9	C_150__IOBUF	OK
PGM_VGMA7[1]	CLKBUFX8AS9	C_149__IOBUF	OK
PGM_VGMA7[2]	CLKBUFX8AS9	C_148__IOBUF	OK
PGM_VGMA7[3]	CLKBUFX8AS9	C_147__IOBUF	OK
PGM_VGMA7[4]	CLKBUFX8AS9	C_146__IOBUF	OK
PGM_VGMA7[5]	CLKBUFX8AS9	C_145__IOBUF	OK
PGM_VGMA7[6]	CLKBUFX8AS9	C_144__IOBUF	OK
PGM_VGMA7[7]	CLKBUFX8AS9	C_143__IOBUF	OK
PGM_VGMA8[0]	CLKBUFX8AS9	C_158__IOBUF	OK
PGM_VGMA8[1]	CLKBUFX8AS9	C_157__IOBUF	OK
PGM_VGMA8[2]	CLKBUFX8AS9	C_156__IOBUF	OK
PGM_VGMA8[3]	CLKBUFX8AS9	C_155__IOBUF	OK
PGM_VGMA8[4]	CLKBUFX8AS9	C_154__IOBUF	OK
PGM_VGMA8[5]	CLKBUFX8AS9	C_153__IOBUF	OK
PGM_VGMA8[6]	CLKBUFX8AS9	C_152__IOBUF	OK
PGM_VGMA8[7]	CLKBUFX8AS9	C_151__IOBUF	OK
PGM_VGMA9[0]	CLKBUFX8AS9	C_166__IOBUF	OK
PGM_VGMA9[1]	CLKBUFX8AS9	C_165__IOBUF	OK
PGM_VGMA9[2]	CLKBUFX8AS9	C_164__IOBUF	OK
PGM_VGMA9[3]	CLKBUFX8AS9	C_163__IOBUF	OK
PGM_VGMA9[4]	CLKBUFX8AS9	C_162__IOBUF	OK
PGM_VGMA9[5]	CLKBUFX8AS9	C_161__IOBUF	OK
PGM_VGMA9[6]	CLKBUFX8AS9	C_160__IOBUF	OK
PGM_VGMA9[7]	CLKBUFX8AS9	C_159__IOBUF	OK
POFF_BGR	CLKBUFX8AS9	C_407__IOBUF	OK
POFF_DRA_BIAS	CLKBUFX8AS9	C_408__IOBUF	OK
POFF_DRA_CH	CLKBUFX8AS9	C_409__IOBUF	OK
POFF_DRA_CH541_600_R	CLKBUFX8AS9	C_410__IOBUF	OK
POFF_DRA_CH601_612_R	CLKBUFX8AS9	C_411__IOBUF	OK
POFF_DRA_CH613_648_R	CLKBUFX8AS9	C_412__IOBUF	OK
POFF_DRA_CH649_684_R	CLKBUFX8AS9	C_413__IOBUF	OK
POFF_DRA_CH685_720_R	CLKBUFX8AS9	C_414__IOBUF	OK
POFF_DRA_CH721_726_L	CLKBUFX8AS9	C_415__IOBUF	OK
POFF_DRA_CH727_762_L	CLKBUFX8AS9	C_416__IOBUF	OK
POFF_DRA_CH763_774_L	CLKBUFX8AS9	C_417__IOBUF	OK
POFF_DRA_CH775_810_L	CLKBUFX8AS9	C_418__IOBUF	OK
POFF_DRA_CH811_828_L	CLKBUFX8AS9	C_419__IOBUF	OK
POFF_DRA_CH829_840_L	CLKBUFX8AS9	C_420__IOBUF	OK
POFF_DRA_CH841_900_L	CLKBUFX8AS9	C_421__IOBUF	OK
POFF_POR	CLKBUFX8AS9	C_422__IOBUF	OK
POL1A_L	CLKBUFX8AS9	C_423__IOBUF	OK
POL1A_R	CLKBUFX8AS9	C_427__IOBUF	OK
POL1B_L	CLKBUFX8AS9	C_424__IOBUF	OK
POL1B_R	CLKBUFX8AS9	C_428__IOBUF	OK
POL2A_L	CLKBUFX8AS9	C_425__IOBUF	OK
POL2A_R	CLKBUFX8AS9	C_429__IOBUF	OK
POL2B_L	CLKBUFX8AS9	C_426__IOBUF	OK
POL2B_R	CLKBUFX8AS9	C_430__IOBUF	OK
PTAT_EN	CLKBUFX8AS9	C_431__IOBUF	OK
PWRCN[0]	CLKBUFX8AS9	C_441__IOBUF	OK
PWRCN[1]	CLKBUFX8AS9	C_440__IOBUF	OK
PWRCN[2]	CLKBUFX8AS9	C_439__IOBUF	OK
PWRCP[0]	CLKBUFX8AS9	C_438__IOBUF	OK
PWRCP[1]	CLKBUFX8AS9	C_437__IOBUF	OK
PWRCP[2]	CLKBUFX8AS9	C_436__IOBUF	OK
PWRC_GOP[0]	CLKBUFX8AS9	C_433__IOBUF	OK
PWRC_GOP[1]	CLKBUFX8AS9	C_432__IOBUF	OK
PWRC_LS[0]	CLKBUFX8AS9	C_435__IOBUF	OK
PWRC_LS[1]	CLKBUFX8AS9	C_434__IOBUF	OK
R_EMI_BYPASS	CLKBUFX8AS9	C_400__IOBUF	OK
R_GMA_LEAK	CLKBUFX8AS9	C_403__IOBUF	OK
R_GMA_MNT	CLKBUFX8AS9	C_405__IOBUF	OK
R_GMA_S	CLKBUFX8AS9	C_404__IOBUF	OK
R_S6B8B	CLKBUFX8AS9	C_406__IOBUF	OK
R_VGMAI_SEL	CLKBUFX8AS9	C_94__IOBUF	OK
SLIN_A	CLKBUFX8AS9	C_442__IOBUF	OK
SLIN_B	CLKBUFX8AS9	C_443__IOBUF	OK
SRIN_A	CLKBUFX8AS9	C_444__IOBUF	OK
SRIN_B	CLKBUFX8AS9	C_445__IOBUF	OK
TESTO_E	CLKBUFX8AS9	C_446__IOBUF	OK
XRSTA_L	CLKBUFX8AS9	C_449__IOBUF	OK
XRSTA_R	CLKBUFX8AS9	C_448__IOBUF	OK
XRSTB_L	CLKBUFX8AS9	C_451__IOBUF	OK
XRSTB_R	CLKBUFX8AS9	C_450__IOBUF	OK
Y1446_TEST_EN[0]	CLKBUFX8AS9	C_93__IOBUF	OK
Y1446_TEST_EN[1]	CLKBUFX8AS9	C_92__IOBUF	OK
Y1_TEST_EN[0]	CLKBUFX8AS9	C_91__IOBUF	OK
Y1_TEST_EN[1]	CLKBUFX8AS9	C_90__IOBUF	OK
reg_ana_test_sel_L0[0]	CLKBUFX8AS9	C_455__IOBUF	OK
reg_ana_test_sel_L0[1]	CLKBUFX8AS9	C_454__IOBUF	OK
reg_ana_test_sel_L0[2]	CLKBUFX8AS9	C_453__IOBUF	OK
reg_ana_test_sel_L0[3]	CLKBUFX8AS9	C_452__IOBUF	OK
reg_ana_test_sel_L1[0]	CLKBUFX8AS9	C_459__IOBUF	OK
reg_ana_test_sel_L1[1]	CLKBUFX8AS9	C_458__IOBUF	OK
reg_ana_test_sel_L1[2]	CLKBUFX8AS9	C_457__IOBUF	OK
reg_ana_test_sel_L1[3]	CLKBUFX8AS9	C_456__IOBUF	OK
reg_cdr_icp_L0[0]	CLKBUFX8AS9	C_463__IOBUF	OK
reg_cdr_icp_L0[1]	CLKBUFX8AS9	C_462__IOBUF	OK
reg_cdr_icp_L0[2]	CLKBUFX8AS9	C_461__IOBUF	OK
reg_cdr_icp_L0[3]	CLKBUFX8AS9	C_460__IOBUF	OK
reg_cdr_icp_L1[0]	CLKBUFX8AS9	C_467__IOBUF	OK
reg_cdr_icp_L1[1]	CLKBUFX8AS9	C_466__IOBUF	OK
reg_cdr_icp_L1[2]	CLKBUFX8AS9	C_465__IOBUF	OK
reg_cdr_icp_L1[3]	CLKBUFX8AS9	C_464__IOBUF	OK
reg_cdr_rlpf_L0[0]	CLKBUFX8AS9	C_471__IOBUF	OK
reg_cdr_rlpf_L0[1]	CLKBUFX8AS9	C_470__IOBUF	OK
reg_cdr_rlpf_L0[2]	CLKBUFX8AS9	C_469__IOBUF	OK
reg_cdr_rlpf_L0[3]	CLKBUFX8AS9	C_468__IOBUF	OK
reg_cdr_rlpf_L1[0]	CLKBUFX8AS9	C_475__IOBUF	OK
reg_cdr_rlpf_L1[1]	CLKBUFX8AS9	C_474__IOBUF	OK
reg_cdr_rlpf_L1[2]	CLKBUFX8AS9	C_473__IOBUF	OK
reg_cdr_rlpf_L1[3]	CLKBUFX8AS9	C_472__IOBUF	OK
reg_cr_done_cnt_L0[0]	CLKBUFX8AS9	C_481__IOBUF	OK
reg_cr_done_cnt_L0[1]	CLKBUFX8AS9	C_480__IOBUF	OK
reg_cr_done_cnt_L0[2]	CLKBUFX8AS9	C_479__IOBUF	OK
reg_cr_done_cnt_L0[3]	CLKBUFX8AS9	C_478__IOBUF	OK
reg_cr_done_cnt_L0[4]	CLKBUFX8AS9	C_477__IOBUF	OK
reg_cr_done_cnt_L0[5]	CLKBUFX8AS9	C_476__IOBUF	OK
reg_cr_done_cnt_L1[0]	CLKBUFX8AS9	C_487__IOBUF	OK
reg_cr_done_cnt_L1[1]	CLKBUFX8AS9	C_486__IOBUF	OK
reg_cr_done_cnt_L1[2]	CLKBUFX8AS9	C_485__IOBUF	OK
reg_cr_done_cnt_L1[3]	CLKBUFX8AS9	C_484__IOBUF	OK
reg_cr_done_cnt_L1[4]	CLKBUFX8AS9	C_483__IOBUF	OK
reg_cr_done_cnt_L1[5]	CLKBUFX8AS9	C_482__IOBUF	OK
reg_eq_rbc0_L0	CLKBUFX8AS9	C_248__IOBUF	OK
reg_eq_rbc0_L1	CLKBUFX8AS9	C_258__IOBUF	OK
reg_eq_rbc1_L0	CLKBUFX8AS9	C_249__IOBUF	OK
reg_eq_rbc1_L1	CLKBUFX8AS9	C_259__IOBUF	OK
reg_fast_lock_icp_L0[0]	CLKBUFX8AS9	C_491__IOBUF	OK
reg_fast_lock_icp_L0[1]	CLKBUFX8AS9	C_490__IOBUF	OK
reg_fast_lock_icp_L0[2]	CLKBUFX8AS9	C_489__IOBUF	OK
reg_fast_lock_icp_L0[3]	CLKBUFX8AS9	C_488__IOBUF	OK
reg_fast_lock_icp_L1[0]	CLKBUFX8AS9	C_495__IOBUF	OK
reg_fast_lock_icp_L1[1]	CLKBUFX8AS9	C_494__IOBUF	OK
reg_fast_lock_icp_L1[2]	CLKBUFX8AS9	C_493__IOBUF	OK
reg_fast_lock_icp_L1[3]	CLKBUFX8AS9	C_492__IOBUF	OK
reg_fast_lock_rlpf_L0[0]	CLKBUFX8AS9	C_499__IOBUF	OK
reg_fast_lock_rlpf_L0[1]	CLKBUFX8AS9	C_498__IOBUF	OK
reg_fast_lock_rlpf_L0[2]	CLKBUFX8AS9	C_497__IOBUF	OK
reg_fast_lock_rlpf_L0[3]	CLKBUFX8AS9	C_496__IOBUF	OK
reg_fast_lock_rlpf_L1[0]	CLKBUFX8AS9	C_503__IOBUF	OK
reg_fast_lock_rlpf_L1[1]	CLKBUFX8AS9	C_502__IOBUF	OK
reg_fast_lock_rlpf_L1[2]	CLKBUFX8AS9	C_501__IOBUF	OK
reg_fast_lock_rlpf_L1[3]	CLKBUFX8AS9	C_500__IOBUF	OK
reg_icp_bias_tune_L0[0]	CLKBUFX8AS9	C_506__IOBUF	OK
reg_icp_bias_tune_L0[1]	CLKBUFX8AS9	C_505__IOBUF	OK
reg_icp_bias_tune_L0[2]	CLKBUFX8AS9	C_504__IOBUF	OK
reg_icp_bias_tune_L1[0]	CLKBUFX8AS9	C_509__IOBUF	OK
reg_icp_bias_tune_L1[1]	CLKBUFX8AS9	C_508__IOBUF	OK
reg_icp_bias_tune_L1[2]	CLKBUFX8AS9	C_507__IOBUF	OK
reg_kvco_ctrl_L0[0]	CLKBUFX8AS9	C_513__IOBUF	OK
reg_kvco_ctrl_L0[1]	CLKBUFX8AS9	C_512__IOBUF	OK
reg_kvco_ctrl_L0[2]	CLKBUFX8AS9	C_511__IOBUF	OK
reg_kvco_ctrl_L0[3]	CLKBUFX8AS9	C_510__IOBUF	OK
reg_kvco_ctrl_L1[0]	CLKBUFX8AS9	C_517__IOBUF	OK
reg_kvco_ctrl_L1[1]	CLKBUFX8AS9	C_516__IOBUF	OK
reg_kvco_ctrl_L1[2]	CLKBUFX8AS9	C_515__IOBUF	OK
reg_kvco_ctrl_L1[3]	CLKBUFX8AS9	C_514__IOBUF	OK
reg_lane_ck_inv_en_L0	CLKBUFX8AS9	C_518__IOBUF	OK
reg_lane_ck_inv_en_L1	CLKBUFX8AS9	C_519__IOBUF	OK
reg_lane_ctrl_L0[0]	CLKBUFX8AS9	C_521__IOBUF	OK
reg_lane_ctrl_L0[1]	CLKBUFX8AS9	C_520__IOBUF	OK
reg_lane_ctrl_L1[0]	CLKBUFX8AS9	C_523__IOBUF	OK
reg_lane_ctrl_L1[1]	CLKBUFX8AS9	C_522__IOBUF	OK
reg_lane_osr_L0	CLKBUFX8AS9	C_247__IOBUF	OK
reg_lane_osr_L1	CLKBUFX8AS9	C_257__IOBUF	OK
reg_lane_pd_L0	CLKBUFX8AS9	C_524__IOBUF	OK
reg_lane_pd_L1	-	-	NO_DRIVER_CELL
reg_vos_cancel_en_L0	CLKBUFX8AS9	C_246__IOBUF	OK
reg_vos_cancel_en_L1	CLKBUFX8AS9	C_256__IOBUF	OK
reg_vos_ctrl_L0[0]	CLKBUFX8AS9	C_245__IOBUF	OK
reg_vos_ctrl_L0[1]	CLKBUFX8AS9	C_244__IOBUF	OK
reg_vos_ctrl_L0[2]	CLKBUFX8AS9	C_243__IOBUF	OK
reg_vos_ctrl_L0[3]	CLKBUFX8AS9	C_242__IOBUF	OK
reg_vos_ctrl_L0[4]	CLKBUFX8AS9	C_241__IOBUF	OK
reg_vos_ctrl_L0[5]	CLKBUFX8AS9	C_240__IOBUF	OK
reg_vos_ctrl_L1[0]	CLKBUFX8AS9	C_255__IOBUF	OK
reg_vos_ctrl_L1[1]	CLKBUFX8AS9	C_254__IOBUF	OK
reg_vos_ctrl_L1[2]	CLKBUFX8AS9	C_253__IOBUF	OK
reg_vos_ctrl_L1[3]	CLKBUFX8AS9	C_252__IOBUF	OK
reg_vos_ctrl_L1[4]	CLKBUFX8AS9	C_251__IOBUF	OK
reg_vos_ctrl_L1[5]	CLKBUFX8AS9	C_250__IOBUF	OK
rstn_async_L0	CLKBUFX8AS9	C_526__IOBUF	OK
rstn_async_L1	CLKBUFX8AS9	C_527__IOBUF	OK
