report_files,wc_cworst_125,wc_cbest_125,wc_typical_125,lt_cworst_m40,lt_cbest_m40,lt_typical_m40,ml_cbest_125,tt_cworst_25,tt_cbest_25,tt_typical_25
sd_l_1p_clk_a_max,4.514510,4.472995,4.479735,1.651743,1.647627,1.721926,2.104526,2.407311,2.393489,2.388759
sd_l_1p_clk_a_min,3.894563,3.898119,3.870635,1.454727,1.462976,1.528972,1.881228,2.117080,2.143815,2.115601
sd_l_1p_a_max,6.101325,6.091087,6.064208,2.161074,2.214247,2.226528,2.867852,3.191442,3.220776,3.178618
sd_l_1p_a_min,4.863974,5.042684,4.912886,1.848721,1.95244,1.971166,2.50311,2.673421,2.801392,2.727686
sd_l_2p_l0_clk_a_max,,,,,,,,,,
sd_l_2p_l0_clk_a_min,,,,,,,,,,
sd_l_2p_l0_a_max,,,,,,,,,,
sd_l_2p_l0_a_min,,,,,,,,,,
sd_l_2p_l1_clk_a_max,,,,,,,,,,
sd_l_2p_l1_clk_a_min,,,,,,,,,,
sd_l_2p_l1_a_max,,,,,,,,,,
sd_l_2p_l1_a_min,,,,,,,,,,
sd_r_1p_clk_a_max,5.667236,5.616708,5.626363,2.020266,2.013967,2.107378,2.648857,2.969756,2.952912,2.949040
sd_r_1p_clk_a_min,5.052448,5.052488,5.026742,1.804368,1.810928,1.895615,2.407406,2.664369,2.689031,2.661984
sd_r_1p_a_max,8.055982,8.106762,8.03227,2.775269,2.907675,2.863074,3.790466,4.134375,4.242243,4.145918
sd_r_1p_a_min,6.671776,6.723289,6.658615,2.431336,2.569332,2.521776,3.354563,3.55118,3.667122,3.565282
sd_r_2p_l0_clk_a_max,,,,,,,,,,
sd_r_2p_l0_clk_a_min,,,,,,,,,,
sd_r_2p_l0_a_max,,,,,,,,,,
sd_r_2p_l0_a_min,,,,,,,,,,
sd_r_2p_l1_clk_a_max,,,,,,,,,,
sd_r_2p_l1_clk_a_min,,,,,,,,,,
sd_r_2p_l1_a_max,,,,,,,,,,
sd_r_2p_l1_a_min,,,,,,,,,,

sd_l_1p_clk_b_max,4.550269,4.507264,4.514064,1.661898,1.657838,1.733034,2.118224,2.425332,2.411353,2.406785
sd_l_1p_clk_b_min,3.931686,3.930544,3.908077,1.449880,1.448832,1.515589,1.858582,2.126151,2.120543,2.117159
sd_l_1p_b_max,6.528622,6.476075,6.470176,2.341829,2.3757,2.399895,3.067926,3.42828,3.430598,3.403157
sd_l_1p_b_min,5.288159,5.432268,5.323325,2.007124,2.080784,2.119499,2.666612,2.903321,3.001595,2.947353
sd_l_2p_l0_clk_b_max,,,,,,,,,,
sd_l_2p_l0_clk_b_min,,,,,,,,,,
sd_l_2p_l0_b_max,,,,,,,,,,
sd_l_2p_l0_b_min,,,,,,,,,,
sd_l_2p_l1_clk_b_max,,,,,,,,,,
sd_l_2p_l1_clk_b_min,,,,,,,,,,
sd_l_2p_l1_b_max,,,,,,,,,,
sd_l_2p_l1_b_min,,,,,,,,,,
sd_r_1p_clk_b_max,4.807572,4.889005,4.831007,1.758724,1.829409,1.869527,2.368105,2.566872,2.640802,2.589059
sd_r_1p_clk_b_min,4.180883,4.325475,4.228012,1.547488,1.635857,1.660998,2.128707,2.266428,2.366817,2.308011
sd_r_1p_b_max,7.155765,7.23547,7.156963,2.546993,2.674402,2.636621,3.480371,3.762294,3.876544,3.780782
sd_r_1p_b_min,5.824573,5.998084,5.858013,2.188784,2.425631,2.312189,3.130231,3.162704,3.376593,3.213748
sd_r_2p_l0_clk_b_max,,,,,,,,,,
sd_r_2p_l0_clk_b_min,,,,,,,,,,
sd_r_2p_l0_b_max,,,,,,,,,,
sd_r_2p_l0_b_min,,,,,,,,,,
sd_r_2p_l1_clk_b_max,,,,,,,,,,
sd_r_2p_l1_clk_b_min,,,,,,,,,,
sd_r_2p_l1_b_max,,,,,,,,,,
sd_r_2p_l1_b_min,,,,,,,,,,

sd_l_1p_margin_a_max : [-1:6] ,2.206762,2.192968,2.193573,0.706347,0.751271,0.697556,0.986624,1.074362,1.076961,1.063017
sd_l_1p_margin_a_min : [-1:6] ,0.349464,0.569689,0.433151000000001,0.196978,0.304813,0.24924,0.398584,0.26611,0.407903,0.338927
sd_l_2p_l0_margin_a_max : [-1:6] ,0,0,0,0,0,0,0,0,0,0
sd_l_2p_l0_margin_a_min : [-1:6] ,0,0,0,0,0,0,0,0,0,0
sd_l_2p_l1_margin_a_max : [-1:6] ,0,0,0,0,0,0,0,0,0,0
sd_l_2p_l1_margin_a_min : [-1:6] ,0,0,0,0,0,0,0,0,0,0
sd_r_1p_margin_a_max : [-1:6] ,3.003534,3.054274,3.005528,0.970901,1.096747,0.967459,1.38306,1.470006,1.553212,1.483934
sd_r_1p_margin_a_min : [-1:6] ,1.00454,1.106581,1.032252,0.41107,0.555365,0.414398,0.705706,0.581424,0.71421,0.616242
sd_r_2p_l0_margin_a_max : [-1:6] ,0,0,0,0,0,0,0,0,0,0
sd_r_2p_l0_margin_a_min : [-1:6] ,0,0,0,0,0,0,0,0,0,0
sd_r_2p_l1_margin_a_max : [-1:6] ,0,0,0,0,0,0,0,0,0,0
sd_r_2p_l1_margin_a_min : [-1:6] ,0,0,0,0,0,0,0,0,0,0

sd_l_1p_margin_b_max : [-1:6] ,2.596936,2.545531,2.562099,0.891949,0.926868,0.884306,1.209344,1.302129,1.310055,1.285998
sd_l_1p_margin_b_min : [-1:6] ,0.73789,0.925003999999999,0.809260999999999,0.345226,0.422946,0.386465,0.548388,0.477989,0.590242,0.540568
sd_l_2p_l0_margin_b_max : [-1:6] ,0,0,0,0,0,0,0,0,0,0
sd_l_2p_l0_margin_b_min : [-1:6] ,0,0,0,0,0,0,0,0,0,0
sd_l_2p_l1_margin_b_max : [-1:6] ,0,0,0,0,0,0,0,0,0,0
sd_l_2p_l1_margin_b_min : [-1:6] ,0,0,0,0,0,0,0,0,0,0
sd_r_1p_margin_b_max : [-1:6] ,2.974882,2.909995,2.928951,0.999505,1.038545,0.975623,1.351664,1.495866,1.509727,1.472771
sd_r_1p_margin_b_min : [-1:6] ,1.017001,1.109079,1.027006,0.43006,0.596222,0.442662,0.762126,0.595832,0.735791,0.624689
sd_r_2p_l0_margin_b_max : [-1:6] ,0,0,0,0,0,0,0,0,0,0
sd_r_2p_l0_margin_b_min : [-1:6] ,0,0,0,0,0,0,0,0,0,0
sd_r_2p_l1_margin_b_max : [-1:6] ,0,0,0,0,0,0,0,0,0,0
sd_r_2p_l1_margin_b_min : [-1:6] ,0,0,0,0,0,0,0,0,0,0
